date,mean_c,n_hours,n_quarters,qual_codes,eligible
2025-01-15,6.9498,24,4,4,True
2025-01-16,7.0225,24,4,4,True
2025-01-17,6.7082,24,4,4,True
2025-01-18,6.2856,24,4,4,True
2025-01-19,7.1063,24,4,4,True
2025-01-20,7.0322,24,4,4,True
2025-01-21,6.7068,24,4,4,True
2025-01-22,7.7835,24,4,4,True
2025-01-23,8.0341,24,4,4,True
2025-01-24,7.2589,24,4,4,True
2025-01-25,8.2906,24,4,4,True
2025-01-26,8.0817,24,4,4,True
2025-01-27,8.8743,24,4,4,True
2025-01-28,8.8535,24,4,4,True
2025-01-29,9.0812,24,4,4,True
2025-01-30,8.7904,24,4,4,True
2025-01-31,9.0683,24,4,4,True
2025-02-01,8.3956,24,4,4,True
2025-02-02,8.0758,24,4,4,True
2025-02-03,7.7894,24,4,4,True
2025-02-04,7.4040,24,4,4,True
2025-02-05,7.3895,24,4,4,True
2025-02-06,6.9618,24,4,4,True
2025-02-07,6.7688,24,4,4,True
2025-02-08,7.2930,24,4,4,True
2025-02-09,6.7473,24,4,4,True
2025-02-10,8.3068,24,4,4,True
2025-02-11,9.1800,24,4,4,True
2025-02-12,9.2628,24,4,4,True
2025-02-13,9.3624,24,4,4,True
2025-02-14,9.3170,24,4,4,True
2025-02-15,9.7698,24,4,4,True
2025-02-16,8.7362,24,4,4,True
2025-02-17,9.3002,24,4,4,True
2025-02-18,9.1752,24,4,4,True
2025-02-19,10.0323,24,4,4,True
2025-02-20,9.4530,24,4,4,True
2025-02-21,9.8769,24,4,4,True
2025-02-22,9.9275,24,4,4,True
2025-02-23,9.8112,24,4,4,True
2025-02-24,8.8440,24,4,4,True
2025-02-25,8.9999,24,4,4,True
2025-02-26,8.6495,24,4,4,True
2025-02-27,7.9966,24,4,4,True
2025-02-28,8.4675,24,4,4,True
2025-03-01,8.8584,24,4,4,True
2025-03-02,8.3659,24,4,4,True
2025-03-03,8.4131,24,4,4,True
2025-03-04,8.9686,24,4,4,True
2025-03-05,9.0508,24,4,4,True
2025-03-06,9.5111,24,4,4,True
2025-03-07,9.9742,24,4,4,True
2025-03-08,10.7236,24,4,4,True
2025-03-09,10.8611,24,4,4,True
2025-03-10,9.9309,24,4,4,True
2025-03-11,9.5308,24,4,4,True
2025-03-12,9.9866,24,4,4,True
2025-03-13,9.1990,24,4,4,True
2025-03-14,9.1568,24,4,4,True
2025-03-15,8.6297,24,4,4,True
2025-03-16,8.6540,24,4,4,True
2025-03-17,8.9739,24,4,4,True
2025-03-18,9.0737,24,4,4,True
2025-03-19,10.6520,24,4,4,True
2025-03-20,10.6619,24,4,4,True
2025-03-21,10.8647,24,4,4,True
2025-03-22,10.4380,24,4,4,True
2025-03-23,10.1553,24,4,4,True
2025-03-24,10.7125,24,4,4,True
2025-03-25,10.6258,24,4,4,True
2025-03-26,10.6278,24,4,4,True
2025-03-27,10.4028,24,4,4,True
2025-03-28,10.3667,24,4,4,True
2025-03-29,9.6168,24,4,4,True
2025-03-30,10.1759,22,4,4,True
2025-03-31,10.7152,24,4,4,True
2025-04-01,10.6967,24,4,4,True
2025-04-02,11.2002,24,4,4,True
2025-04-03,10.9662,24,4,4,True
2025-04-04,10.9148,24,4,4,True
2025-04-05,11.4993,24,4,4,True
2025-04-06,12.6565,24,4,4,True
2025-04-07,12.7580,24,4,4,True
2025-04-08,12.3315,24,4,4,True
2025-04-09,12.4310,24,4,4,True
2025-04-10,12.9715,24,4,4,True
2025-04-11,13.0149,24,4,4,True
2025-04-12,13.4397,24,4,4,True
2025-04-13,13.0400,24,4,4,True
2025-04-14,13.2598,24,4,4,True
2025-04-15,12.1821,24,4,4,True
2025-04-16,10.5855,24,4,4,True
2025-04-17,10.6444,24,4,4,True
2025-04-18,11.5062,24,4,4,True
2025-04-19,11.9056,24,4,4,True
2025-04-20,10.7123,24,4,4,True
2025-04-21,11.8116,24,4,4,True
2025-04-22,11.5785,24,4,4,True
2025-04-23,11.4165,24,4,4,True
2025-04-24,12.2743,24,4,4,True
2025-04-25,13.2533,24,4,4,True
2025-04-26,12.2652,24,4,4,True
2025-04-27,11.6853,24,4,4,True
2025-04-28,12.2570,24,4,4,True
2025-04-29,12.9474,24,4,4,True
2025-04-30,12.9759,24,4,4,True
2025-05-01,13.0777,24,4,4,True
2025-05-02,12.8966,24,4,4,True
2025-05-03,13.5669,24,4,4,True
2025-05-04,13.5770,24,4,4,True
2025-05-05,12.1921,24,4,4,True
2025-05-06,11.7291,24,4,4,True
2025-05-07,11.8236,24,4,4,True
2025-05-08,11.9588,24,4,4,True
2025-05-09,12.3264,24,4,4,True
2025-05-10,12.8384,24,4,4,True
2025-05-11,12.9585,24,4,4,True
2025-05-12,12.4726,24,4,4,True
2025-05-13,12.2901,24,4,4,True
2025-05-14,12.6603,24,4,4,True
2025-05-15,12.8857,24,4,4,True
2025-05-16,13.4830,24,4,4,True
2025-05-17,13.6358,24,4,4,True
2025-05-18,13.6095,24,4,4,True
2025-05-19,14.1656,24,4,4,True
2025-05-20,13.3520,24,4,4,True
2025-05-21,13.5433,24,4,4,True
2025-05-22,12.9858,24,4,4,True
2025-05-23,12.8789,24,4,4,True
2025-05-24,13.4940,24,4,4,True
2025-05-25,13.5433,24,4,4,True
2025-05-26,13.8060,24,4,4,True
2025-05-27,13.8505,24,4,4,True
2025-05-28,14.0485,24,4,4,True
2025-05-29,15.0058,24,4,4,True
2025-05-30,15.7272,24,4,4,True
2025-05-31,16.6294,24,4,4,True
2025-06-01,16.6366,24,4,4,True
2025-06-02,15.9297,24,4,4,True
2025-06-03,15.7188,24,4,4,True
2025-06-04,15.7428,24,4,4,True
2025-06-05,15.3191,24,4,4,True
2025-06-06,15.3936,24,4,4,True
2025-06-07,15.5619,24,4,4,True
2025-06-08,15.2177,24,4,4,True
2025-06-09,15.1793,24,4,4,True
2025-06-10,15.9212,24,4,4,True
2025-06-11,17.0490,24,4,4,True
2025-06-12,17.8302,24,4,4,True
2025-06-13,18.5201,24,4,4,True
2025-06-14,17.9820,24,4,4,True
2025-06-15,17.0056,24,4,4,True
2025-06-16,17.0470,24,4,4,True
2025-06-17,17.0553,24,4,4,True
2025-06-18,17.3092,24,4,4,True
2025-06-19,17.6772,24,4,4,True
2025-06-20,18.4209,24,4,4,True
2025-06-21,18.6033,24,4,4,True
2025-06-22,18.8975,24,4,4,True
2025-06-23,19.0462,24,4,4,True
2025-06-24,19.1424,24,4,4,True
2025-06-25,19.1651,24,4,4,True
2025-06-26,18.5843,24,4,4,True
2025-06-27,18.2385,24,4,4,True
2025-06-28,18.7112,24,4,4,True
2025-06-29,19.3892,24,4,4,True
2025-06-30,20.2053,24,4,4,True
2025-07-01,20.0675,24,4,4,True
2025-07-02,20.2945,24,4,4,True
2025-07-03,19.8717,24,4,4,True
2025-07-04,19.5981,24,4,4,True
2025-07-05,19.9024,24,4,4,True
2025-07-06,18.9242,24,4,4,True
2025-07-07,17.6559,24,4,4,True
2025-07-08,17.0036,24,4,4,True
2025-07-09,16.6979,24,4,4,True
2025-07-10,16.8902,24,4,4,True
2025-07-11,17.2543,24,4,4,True
2025-07-12,18.0483,24,4,4,True
2025-07-13,18.4119,24,4,4,True
2025-07-14,18.7390,24,4,4,True
2025-07-15,18.7200,24,4,4,True
2025-07-16,18.4565,24,4,4,True
2025-07-17,18.2514,24,4,4,True
2025-07-18,18.9074,24,4,4,True
2025-07-19,18.7895,24,4,4,True
2025-07-20,18.1375,24,4,4,True
2025-07-21,17.9452,24,4,4,True
2025-07-22,17.7539,24,4,4,True
2025-07-23,17.5795,24,4,4,True
2025-07-24,16.8985,24,4,4,True
2025-07-25,16.9579,24,4,4,True
2025-07-26,17.4448,24,4,4,True
2025-07-27,17.8441,24,4,4,True
2025-07-28,17.2961,24,4,4,True
2025-07-29,17.2475,24,4,4,True
2025-07-30,17.4904,24,4,4,True
2025-07-31,18.1435,24,4,4,True
2025-08-01,18.0454,24,4,4,True
2025-08-02,17.8243,24,4,4,True
2025-08-03,17.2128,24,4,4,True
2025-08-04,16.4904,24,4,4,True
2025-08-05,17.6826,24,4,4,True
2025-08-06,18.0434,24,4,4,True
2025-08-07,18.3733,24,4,4,True
2025-08-08,19.3125,24,4,4,True
2025-08-09,19.9896,24,4,4,True
2025-08-10,20.7338,24,4,4,True
2025-08-11,20.6964,24,4,4,True
2025-08-12,21.2408,24,4,4,True
2025-08-13,21.4444,24,4,4,True
2025-08-14,20.5496,24,4,4,True
2025-08-15,20.3491,24,4,4,True
2025-08-16,20.2569,24,4,4,True
2025-08-17,21.0718,24,4,4,True
2025-08-18,20.5968,24,4,4,True
2025-08-19,19.7170,24,4,4,True
2025-08-20,18.7586,24,4,4,True
2025-08-21,17.9343,24,4,4,True
2025-08-22,17.8452,24,4,4,True
2025-08-23,17.6470,24,4,4,True
2025-08-24,17.2624,24,4,4,True
2025-08-25,17.7836,24,4,4,True
2025-08-26,18.7210,24,4,4,True
2025-08-27,19.2649,24,4,4,True
2025-08-28,18.5526,24,4,4,True
2025-08-29,16.5979,24,4,4,True
2025-08-30,16.7893,24,4,4,True
2025-08-31,17.3090,24,4,4,True
2025-09-01,17.0879,24,4,4,True
2025-09-02,15.8023,24,4,4,True
2025-09-03,15.6859,24,4,4,True
2025-09-04,16.7696,24,4,4,True
2025-09-05,16.5651,24,4,4,True
2025-09-06,16.0170,24,4,4,True
2025-09-07,17.4448,24,4,4,True
2025-09-08,18.2058,24,4,4,True
2025-09-09,16.8032,24,4,4,True
2025-09-10,15.7795,24,4,4,True
2025-09-11,16.1085,24,4,4,True
2025-09-12,16.2585,24,4,4,True
2025-09-13,16.1304,24,4,4,True
2025-09-14,15.7606,24,4,4,True
2025-09-15,16.2287,24,4,4,True
2025-09-16,16.4819,24,4,4,True
2025-09-17,15.3668,24,4,4,True
2025-09-18,15.1855,24,4,4,True
2025-09-19,15.8063,24,4,4,True
2025-09-20,17.1544,24,4,4,True
2025-09-21,17.0560,24,4,4,True
2025-09-22,14.8540,24,4,4,True
2025-09-23,13.4299,24,4,4,True
2025-09-24,12.1788,24,4,4,True
2025-09-25,12.5179,24,4,4,True
2025-09-26,13.3522,24,4,4,True
2025-09-27,12.1517,24,4,4,True
2025-09-28,12.9024,24,4,4,True
2025-09-29,13.9095,24,4,4,True
2025-09-30,14.0748,24,4,4,True
2025-10-01,14.0258,24,4,4,True
2025-10-02,12.9947,24,4,4,True
2025-10-03,12.8105,24,4,4,True
2025-10-04,14.0120,24,4,4,True
2025-10-05,13.7287,24,4,4,True
2025-10-06,12.3861,24,4,4,True
2025-10-07,11.5517,24,4,4,True
2025-10-08,12.4836,24,4,4,True
2025-10-09,13.8083,24,4,4,True
2025-10-10,14.3714,24,4,4,True
2025-10-11,13.2245,24,4,4,True
2025-10-12,12.8399,24,4,4,True
2025-10-13,12.8611,24,4,4,True
2025-10-14,12.9725,24,4,4,True
2025-10-15,13.3170,24,4,4,True
2025-10-16,12.8168,24,4,4,True
2025-10-17,11.9754,24,4,4,True
2025-10-18,11.4303,24,4,4,True
2025-10-19,11.2241,24,4,4,True
2025-10-20,12.5404,24,4,4,True
2025-10-21,12.4258,24,4,4,True
2025-10-22,13.3479,24,4,4,True
2025-10-23,13.3109,24,4,4,True
2025-10-24,11.9120,24,4,4,True
2025-10-25,11.7635,24,4,4,True
2025-10-26,11.6342,24,4,4,True
2025-10-27,10.9146,24,4,4,True
2025-10-28,10.6553,24,4,4,True
2025-10-29,10.3955,24,4,4,True
2025-10-30,11.5510,24,4,4,True
2025-10-31,11.1395,24,4,4,True
2025-11-01,11.6267,24,4,4,True
2025-11-02,12.4821,24,4,4,True
2025-11-03,11.8435,24,4,4,True
2025-11-04,10.7865,24,4,4,True
2025-11-05,11.8565,24,4,4,True
2025-11-06,12.7175,24,4,4,True
2025-11-07,12.1636,24,4,4,True
2025-11-08,11.8899,24,4,4,True
2025-11-09,11.9729,24,4,4,True
2025-11-10,10.8882,24,4,4,True
2025-11-11,10.6080,24,4,4,True
2025-11-12,11.7265,24,4,4,True
2025-11-13,12.6219,24,4,4,True
2025-11-14,13.3623,24,4,4,True
2025-11-15,12.6055,24,4,4,True
2025-11-16,12.6702,24,4,4,True
2025-11-17,12.2180,24,4,4,True
2025-11-18,10.5997,24,4,4,True
2025-11-19,8.8515,24,4,4,True
2025-11-20,8.7959,24,4,4,True
2025-11-21,7.0273,24,4,4,True
2025-11-22,6.4529,24,4,4,True
2025-11-23,7.5618,24,4,4,True
2025-11-24,9.6636,24,4,4,True
2025-11-25,9.7615,24,4,4,True
2025-11-26,9.3136,24,4,4,True
2025-11-27,8.1704,24,4,4,True
2025-11-28,7.3564,24,4,4,True
2025-11-29,7.9680,24,4,4,True
2025-11-30,8.6121,24,4,4,True
2025-12-01,8.0892,24,4,4,True
2025-12-02,7.6685,24,4,4,True
2025-12-03,8.5526,24,4,4,True
2025-12-04,8.0876,24,4,4,True
2025-12-05,8.1073,24,4,4,True
2025-12-06,9.0191,24,4,4,True
2025-12-07,10.0211,24,4,4,True
2025-12-08,9.1730,24,4,4,True
2025-12-09,9.6883,24,4,4,True
2025-12-10,10.0838,24,4,4,True
2025-12-11,10.0297,24,4,4,True
2025-12-12,9.1723,24,4,4,True
2025-12-13,8.0600,24,4,4,True
2025-12-14,7.4587,24,4,4,True
2025-12-15,7.8318,24,4,4,True
2025-12-16,8.4932,24,4,4,True
2025-12-17,8.9722,24,4,4,True
2025-12-18,8.4516,24,4,4,True
2025-12-19,8.7295,24,4,4,True
2025-12-20,8.5185,24,4,4,True
2025-12-21,8.5935,24,4,4,True
2025-12-22,8.1069,24,4,4,True
2025-12-23,7.4338,24,4,4,True
2025-12-24,8.5888,24,4,4,True
2025-12-25,7.9346,24,4,4,True
2025-12-26,8.5210,24,4,4,True
2025-12-27,9.5192,24,4,4,True
2025-12-28,9.2961,24,4,4,True
2025-12-29,7.9660,24,4,4,True
2025-12-30,7.4562,24,4,4,True
2025-12-31,7.5920,24,4,4,True
